---
title: ğŸ¥ŠSQL æ‹¾é—
date: '2020-08-16'
slug: sql-tutorial
author: DG
tags: 
  - ç¼–ç¨‹
  - ä»£ç 
categories: 
  - SQL
---

*å¤§çº²* 

1. MySQL åˆ›å»ºæ•°æ®åº“
2. MySQL ç”¨æˆ·ç®¡ç†
3. MySQL CURD
4. MySQL äº‹åŠ¡
5. MySQL å¼•æ“
6. å…¶ä»–ä¸è¡¥å……

> Docker åˆ›å»ºæ•°æ®åº“
>
> ```bash
> docker run -d --name=mysql5.7 -p 3307:3306 -e MYSQL_ROOT_PASSWORD=liu12134 mysql:5.7
> ```
>
> 

## #mysql åˆ›å»ºæ•°æ®åº“

<p style="color:green">//TODO</p>

> ### MYSQL é»˜è®¤ç¼–ç ä¸UTF8ã€UTF8MB4çš„åŒºåˆ«
>
> - MySQL é»˜è®¤ç¼–ç 
>
>   åœ¨ MYSQL 8.0 ä»¥ä¸Š é»˜è®¤ç¼–ç ä¸º UTF8MB4
>
>   ```bash
>   mysql> show  variables like '%char%';
>   +--------------------------+--------------------------------+
>   | Variable_name            | Value                          |
>   +--------------------------+--------------------------------+
>   | character_set_client     | latin1                         |
>   | character_set_connection | latin1                         |
>   | character_set_database   | utf8mb4                        |
>   | character_set_filesystem | binary                         |
>   | character_set_results    | latin1                         |
>   | character_set_server     | utf8mb4                        |
>   | character_set_system     | utf8                           |
>   | character_sets_dir       | /usr/share/mysql-8.0/charsets/ |
>   +--------------------------+--------------------------------+
>   8 rows in set (0.00 sec)
>   ```
>
>   åœ¨MySQL 8.0ä»¥ä¸‹ï¼Œ é»˜è®¤ä¾¿ä¸º latin1
>
>   ```bash
>   mysql> show variables like '%char%';
>   +--------------------------+----------------------------+
>   | Variable_name            | Value                      |
>   +--------------------------+----------------------------+
>   | character_set_client     | latin1                     |
>   | character_set_connection | latin1                     |
>   | character_set_database   | latin1                     |
>   | character_set_filesystem | binary                     |
>   | character_set_results    | latin1                     |
>   | character_set_server     | latin1                     |
>   | character_set_system     | utf8                       |
>   | character_sets_dir       | /usr/share/mysql/charsets/ |
>   +--------------------------+----------------------------+
>   8 rows in set (0.00 sec)
>   ```
>
>   
>
> - MySQL çš„ UTF8
>
> - MySQLçš„UTF8MB4

### ##åˆ›å»ºé»˜è®¤å­—ç¬¦é›†çš„æ•°æ®åº“

```sql
create database test1 
```

### ##åˆ›å»º UTF8MB4 æ•°æ®åº“

```sql
create database test2 default character set utf8mb4 collate utf8mb4_general_ci
```

> 1. æ•°æ®åº“åç§°ä¸éœ€è¦æ·»åŠ å•å¼•å·
>
> 2. collate
>
>    collate æŒ‡å®šæ•°æ®åº“ç”¨æ¥æ’åºçš„è§„åˆ™ï¼Œè§„åˆ™ åä¸­ ci è¡¨ç¤º`Case insensitive`  æ„ä¸ºæ’åºæ—¶å¤§å°ä¸æ•æ„Ÿã€‚general è¡¨ç¤ºè¯¥å­—ç¬¦é›†é»˜è®¤çš„æ’åºè§„åˆ™ã€‚
>
>    åœ¨ MySQL 8.0 ä»¥ä¸‹çš„ç‰ˆæœ¬ä¸­ï¼Œé»˜è®¤ç¼–ç ä¸º `latin1` ï¼Œé»˜è®¤ collate ä¸º`latin1_swedish_ci`, MySQL 8.0 ä»¥ä¸Šç‰ˆæœ¬ä¸­ï¼Œé»˜è®¤ç¼–ç ä¸º `utf8mb4`ï¼Œ é»˜è®¤collate ä¸º `utf8mb4_0900_ai_ci`ã€‚
>
>    ä½¿ç”¨ `show collation` å¯ä»¥æŸ¥çœ‹æ‰€æœ‰æ”¯æŒçš„è§„åˆ™ã€‚

### ##æŸ¥çœ‹æ•°æ®åº“å­—ç¬¦é›†

```mysql
select schema_name, default_character_set_name, default_collation_name from information_schema.schemata where schema_name='test1';
```

å¾—åˆ°çš„ç»“æœæ˜¯ï¼š

```bash
mysql> select schema_name, default_character_set_name, default_collation_name from information_schema.schemata where schema_name='test1';
+-------------+----------------------------+------------------------+
| SCHEMA_NAME | DEFAULT_CHARACTER_SET_NAME | DEFAULT_COLLATION_NAME |
+-------------+----------------------------+------------------------+
| test1       | utf8                       | utf8_general_ci        |
+-------------+----------------------------+------------------------+
1 row in set (0.00 sec)
```



### ##ä¿®æ”¹æ•°æ®åº“å­—ç¬¦é›†

```mysql
alter database test1 default character set utf8 collate set utf8_general_ci;
```

### ##åˆ é™¤æ•°æ®åº“

```mysql
drop database test1;
```



## #æ•°æ®åº“ç”¨æˆ·ç®¡ç†

### ##ç”¨æˆ·åˆ›å»º

```bash
create user 'test'@'%' identified by '123456'; # æ­¤ç”¨æˆ·åªæœ‰ç™»å½•æƒé™
```



### ##ç”¨æˆ·æƒé™æ§åˆ¶

#### ä¿®æ”¹å¯†ç 

```mysql
# ä¿®æ”¹è‡ªèº«å¯†ç 
set password = password('123456789');
# ä¿®æ”¹ä»–äººå¯†ç  æœ¬ç”¨æˆ·å¿…é¡»æœ‰ç®¡ç†æƒé™
set password for 'test'@'%' = password('123456789');
```

#### èµ‹äºˆæƒé™

```mysql
grant select, delete, create on test4.test to 'test'@'%'; #ç›´æ¥ç»™ testç”¨æˆ·èµ‹äºˆæƒé™
grant select, delete, create on test4.test to 'test'@'%' identified by '123456'; #ç›´æ¥ç»™ test ç”¨èµ‹äºˆæƒé™å¹¶ä¿®æ”¹å¯†ç ï¼Œå¦‚æœç”¨æˆ·ä¸å­˜åœ¨åˆ™åˆ›å»ºç”¨æˆ·å¹¶èµ‹äºˆæƒé™ã€‚
grant all privileges on test4.test to 'test'@'%', # èµ‹äºˆtestç”¨æˆ· test4.test çš„å…¨éƒ¨æƒé™ï¼Œå…¶ä¸­ privileges å¯çœå»ã€‚ ??TODO
grant all on test4.* to 'test'@'%'; #å°†test4 ä¸­æ‰€æœ‰å¯¹è±¡çš„æ‰€æœ‰æƒé™èµ‹äºˆtestç”¨æˆ·ã€‚
grant all on test4.* to 'test'@'%' with grant option ; #å°†test4 ä¸­æ‰€æœ‰å¯¹è±¡çš„æ‰€æœ‰æƒé™èµ‹äºˆtestç”¨æˆ·ï¼Œå¹¶è¯¥æƒé™å¯ä»¥ä¼ æ’­ã€‚
grant all on *.* to 'test'@'%'; #å°†æ‰€æœ‰è¡¨çš„æ‰€æœ‰æƒé™èµ‹äºˆtestç”¨æˆ·ã€‚

flush privileges; # åˆ·æ–°ç”¨æˆ·æƒé™ã€‚
```

#### æŸ¥çœ‹æƒé™

```mysql
show grants from 'test'@'%';
```

#### å›æ”¶æƒé™

```mysql
revoke all on test4.* from 'test'@'%';
revoke all on *.* from 'test'@'%';
```

#### ç”¨æˆ·åˆ é™¤

 ```mysql
drop user 'test'@'%';
 ```

#### ç”¨æˆ·ä¿®æ”¹

```mysql
rename user 'test'@'%' to 'test1'@'%'; # ç”¨æˆ·ä¿®æ”¹
update
```

#### æŸ¥çœ‹æ‰€æœ‰ç”¨æˆ·

```mysql
# åœ¨ mysql æ•°æ®åº“ä¸‹
select user, host from user;
```

## æ•°æ®åº“ CURD

### ##SQL å¯¼å…¥å¤–éƒ¨ txt æ–‡ä»¶

1. åˆ›å»ºç›®æ ‡è¡¨

   ```mysql
   create table pet (
       name VARCHAR(20),
       owner VARCHAR(20),
       species VARCHAR(20),
       sex CHAR(1),
       birth DATE,
       death DATE
   );
   ```

2. åˆ›å»º txt æ–‡ä»¶

   ```txt
   Fluffy  Harold  cat     f       1993-02-04      \N
   Claws   Gwen    cat     m       1994-03-17      \N
   Buffy   Harold  dog     f       1989-05-13      \N
   Fang    Benny   dog     m       1990-08-27      \N
   Bowser  Diane   dog     m       1979-08-31      1995-07-29
   Chirpy  Gwen    bird    f       1998-09-11      \N
   Whistler        Gwen    bird    \N      1997-12-09      \N
   Slim    Benny   snake   m       1996-04-29      \N      
   ```

   > ä¸åŒæ•°æ®ä¹‹å‰åƒä¸‡è¦ç”¨åˆ¶è¡¨ç¬¦(Tab) åˆ†éš”ï¼Œå¦åˆ™å¯¼å…¥æ•°æ®ä¼šå‡ºé—®é¢˜ã€‚

3. å¯¼å…¥

   ```mysql
   load data local infile '/data/pet.txt' into table pet;
   ```

### ##UPDATE

```mysql
update pet set birth='1989-08-31' where name = 'Bowser';
```

**å¾…ç»­...**